Date:,Link,Text
2022-09-08 13:59,https://costarica.craigslist.org/lab/d/mecnico/7531483237.html,Mecánico
2022-09-08 13:50,https://costarica.craigslist.org/csr/d/sales-specialist-native-english-required/7531474770.html,Sales Specialist / Native English Required
2022-09-08 11:31,https://costarica.craigslist.org/sls/d/sales-reps-heating-and-air-conditioning/7531408888.html,SALES REPS HEATING AND AIR CONDITIONING  COMPANY $$$$$$$$
2022-09-08 10:38,https://costarica.craigslist.org/csr/d/customer-support/7531385465.html,Customer Support
2022-09-08 10:35,https://costarica.craigslist.org/csr/d/guided-customer-support/7531383809.html,Guided Customer Support
2022-09-08 10:13,https://costarica.craigslist.org/mar/d/seo-social-media-managers-needed/7531372348.html,SEO/Social media managers needed
2022-09-08 10:08,https://costarica.craigslist.org/sls/d/telesales-billingue/7531362653.html,Telesales Billingue
2022-09-08 09:55,https://costarica.craigslist.org/sls/d/telesales-billingue/7531362481.html,Telesales Billingue
2022-09-07 16:25,https://costarica.craigslist.org/sls/d/openers-and-closers/7531136218.html,$$$$$$$openers and closers $$$$$$$
2022-09-07 15:54,https://costarica.craigslist.org/sls/d/sales-fronter/7531124505.html,Sales Fronter
2022-09-07 15:14,https://costarica.craigslist.org/csr/d/digital-guardian-content-moderator-t2/7531107203.html,Digital Guardian- Content Moderator T2
2022-09-07 14:47,https://costarica.craigslist.org/npo/d/volunteer-in-uvita-for-free-stay/7526255671.html,Volunteer in Uvita for a free stay.
2022-09-07 09:23,https://costarica.craigslist.org/sls/d/if-you-are-an-english-speaking/7530924727.html,If you are an English-Speaking experienced sales pro - Central America
2022-09-07 09:22,https://costarica.craigslist.org/csr/d/looking-for-lead-generators/7530931290.html,Looking for Lead Generators
2022-09-07 02:23,https://costarica.craigslist.org/csr/d/call-center-agent-lead-qualifier-remote/7530837707.html,CALL CENTER AGENT- LEAD QUALIFIER (REMOTE JOB)
2022-09-06 19:23,https://costarica.craigslist.org/lab/d/looking-for-an-asian-female/7525367919.html,Looking for an Asian Female
2022-09-06 15:55,https://costarica.craigslist.org/edu/d/part-time-opportunity-for-advanced/7530711497.html,PART TIME OPPORTUNITY FOR ADVANCED ENGLISH/NATIVE SPEARKERS
2022-09-06 14:44,https://costarica.craigslist.org/ofc/d/sales-agent/7530680089.html,Sales Agent
2022-09-05 17:41,https://costarica.craigslist.org/sls/d/sales-agents-needed/7530321046.html,Sales Agents Needed
2022-09-05 16:43,https://costarica.craigslist.org/edu/d/7th-grade-english/7530313271.html,7th Grade English
2022-09-05 15:54,https://costarica.craigslist.org/sls/d/fresh-sportbook-leads/7526873050.html,Fresh Sportbook leads
2022-09-05 15:27,https://costarica.craigslist.org/csr/d/line-mover-needed/7530284514.html,Line mover needed!
2022-09-04 17:23,https://costarica.craigslist.org/sls/d/sales-representative/7529946699.html,Sales Representative
2022-09-04 17:12,https://costarica.craigslist.org/csr/d/looking-for-customer-service-reps/7529943565.html,Looking for customer service reps
2022-09-03 19:42,https://costarica.craigslist.org/sls/d/sportsbook-sales/7529653660.html,Sportsbook Sales
2022-09-03 16:14,https://costarica.craigslist.org/sls/d/looking-for-high-seasson-with-good/7529596667.html,Looking for high seasson with a good commission?
2022-09-02 15:27,https://costarica.craigslist.org/rej/d/jr-acquisitions-for-real-estate-investor/7529176498.html,Jr. Acquisitions for Real Estate Investor
2022-09-01 14:15,https://costarica.craigslist.org/csr/d/looking-for-people-with-perfect-english/7524627726.html,Looking for people with perfect English and sales experience
2022-09-01 14:15,https://costarica.craigslist.org/sls/d/looking-for-talented-salespeople/7527831702.html,Looking for talented salespeople!
2022-09-01 14:15,https://costarica.craigslist.org/csr/d/have-perfect-english-and-cs-experience/7524627064.html,Have perfect English and CS experience?
2022-09-01 12:14,https://costarica.craigslist.org/wri/d/copywriter-for-hire/7528688135.html,Copywriter for Hire
2022-08-31 11:50,https://costarica.craigslist.org/sls/d/introducing-broker-program-affiliate/7528275754.html,Introducing Broker Program/Affiliate
2022-08-31 10:45,https://costarica.craigslist.org/lab/d/mujer-domestica-18-35-aos/7528243282.html,mujer domestica 18 a 35 años
2022-08-30 15:46,https://costarica.craigslist.org/mar/d/marketing-and-admin/7527962715.html,Marketing and Admin
2022-08-30 10:44,https://costarica.craigslist.org/lab/d/we-need-closer/7527834131.html,We need closer
2022-08-29 18:15,https://costarica.craigslist.org/acc/d/line-provider-get-great-deals-on-the/7527613667.html,Line Provider Get great deals on the best cell phone Lines
2022-08-29 17:32,https://costarica.craigslist.org/csr/d/customer-service-wfh/7527595840.html,Customer Service WFH
2022-08-29 15:58,https://costarica.craigslist.org/rej/d/cold-calling/7527563542.html,cold calling
2022-08-29 13:34,https://costarica.craigslist.org/fbh/d/event-planner-concierge/7522604293.html,Event Planner Concierge
2022-08-29 11:05,https://costarica.craigslist.org/egr/d/junior-architect/7527426868.html,Junior Architect
2022-08-29 10:37,https://costarica.craigslist.org/ofc/d/need-bilingual-assistant/7527379851.html,need bilingual assistant
2022-08-29 01:27,https://costarica.craigslist.org/sls/d/high-commissions-web-sales-agent/7527271913.html,High Commissions - Web Sales Agent
2022-08-26 19:19,https://costarica.craigslist.org/fbh/d/supervisor-bar-70-seat-restaurant/7526475627.html,Supervisor Bar / 70 Seat Restaurant
2022-08-26 08:46,https://costarica.craigslist.org/csr/d/wu-leads/7526185905.html,W.U leads
2022-08-25 09:23,https://costarica.craigslist.org/csr/d/sportsbook-agents/7516735094.html,Sportsbook Agents
2022-08-25 09:11,https://costarica.craigslist.org/edu/d/se-busca-profesora-de-japones/7525777821.html,Se busca profesor(a) de japones
2022-08-25 08:47,https://costarica.craigslist.org/sls/d/opener-or-closer-on-sales/7515012499.html,Opener or Closer on sales
2022-08-25 06:20,https://costarica.craigslist.org/csr/d/sportsbook-agents-wanted/7518716138.html,Sportsbook Agents Wanted!
2022-08-25 06:20,https://costarica.craigslist.org/csr/d/sportsbook-agents/7523346545.html,Sportsbook Agents
2022-08-24 20:42,https://costarica.craigslist.org/acc/d/need-one-agent-for-wu-fresh-leads/7525652874.html,Need one agent for W.U Fresh Leads.
2022-08-24 11:15,https://costarica.craigslist.org/csr/d/guided-customer-support-representative/7525426735.html,Guided Customer Support Representative
2022-08-24 10:40,https://costarica.craigslist.org/csr/d/customer-support-representative/7525407894.html,Customer Support Representative
2022-08-23 17:39,https://costarica.craigslist.org/lab/d/helper-here/7522738173.html,Helper Here !
2022-08-23 15:55,https://costarica.craigslist.org/csr/d/anfitrionas-saloneras/7525138551.html,Anfitrionas/saloneras
2022-08-22 18:57,https://costarica.craigslist.org/sls/d/only-apply-if-you-are-closer/7524774964.html,Only Apply If You Are A Closer
2022-08-22 18:06,https://costarica.craigslist.org/fbh/d/chef-ktichen-manager/7524760051.html,Chef Ktichen Manager
2022-08-22 16:05,https://costarica.craigslist.org/fbh/d/restaurant-manager-chef/7524713220.html,Restaurant Manager/chef
2022-08-22 14:47,https://costarica.craigslist.org/sls/d/join-the-best-sales-team-in-booming/7524677596.html,Join The Best Sales Team In A Booming Industry!
2022-08-22 13:32,https://costarica.craigslist.org/csr/d/enjoy-assisting-people/7524625742.html,Enjoy assisting people?
2022-08-22 13:26,https://costarica.craigslist.org/acc/d/backoffice-agents-required/7524626278.html,Backoffice Agents required
2022-08-22 10:59,https://costarica.craigslist.org/sls/d/closers-wanted/7524555043.html,CLOSERS WANTED
2022-08-22 01:34,https://costarica.craigslist.org/etc/d/xxx-hot-videos/7516699698.html,XXX Hot Videos
2022-08-19 19:52,https://costarica.craigslist.org/sls/d/only-apply-if-you-are-closer/7523606392.html,Only Apply If You Are A Closer
2022-08-19 14:34,https://costarica.craigslist.org/ofc/d/grader-position/7523494341.html,GRADER POSITION
2022-08-19 13:04,https://costarica.craigslist.org/sls/d/financial-company-is-looking-for-sales/7523441965.html,A Financial Company Is Looking For Sales Pros
2022-08-19 04:42,https://costarica.craigslist.org/hea/d/wanted-older-american-female-client/7523247189.html,"Wanted:  Older American  Female  ""Client Coordinator - Receptionist"""
2022-08-18 20:02,https://costarica.craigslist.org/fbh/d/for-rent-unique-beer-garden-bar/7523190981.html,for rent a unique beer garden bar
2022-08-18 18:43,https://costarica.craigslist.org/sls/d/looking-for-the-best-closers-in-costa/7523170689.html,Looking For The Best Closers In Costa Rica
2022-08-18 14:39,https://costarica.craigslist.org/csr/d/customer-service-and-sales/7523077724.html,Customer Service and Sales
2022-08-18 13:36,https://costarica.craigslist.org/sls/d/sales-agents-needed/7523047608.html,sales agents needed
2022-08-18 12:58,https://costarica.craigslist.org/sls/d/sales-pros-are-needed-for-financial/7523028880.html,Sales Pros Are Needed For A Financial Company
2022-08-17 10:15,https://costarica.craigslist.org/sls/d/leads-for-sale-or-trade/7522527134.html,Leads For Sale or Trade
2022-08-17 03:46,https://costarica.craigslist.org/spa/d/busco-masajista/7510592929.html,Busco Masajista
2022-08-16 16:54,https://costarica.craigslist.org/ofc/d/executive-assistant-pa/7522293523.html,Executive Assistant / PA
2022-08-16 16:40,https://costarica.craigslist.org/sls/d/english-speaking-international-travel/7522285441.html,English Speaking International Travel Consultant (virtual)
2022-08-16 13:40,https://costarica.craigslist.org/sls/d/looking-for-one-closer/7522206983.html,Looking for one closer
2022-08-16 06:36,https://costarica.craigslist.org/csr/d/catholic-business-customer-service/7510550728.html,Catholic Business - Customer Service Positions
2022-08-15 15:37,https://costarica.craigslist.org/mar/d/senior-marketing-executive/7521804705.html,Senior Marketing Executive
2022-08-15 13:02,https://costarica.craigslist.org/ofc/d/operations-assistant-director-at-top/7521727107.html,Operations Assistant Director at top retreat center
2022-08-15 12:44,https://costarica.craigslist.org/edu/d/maestrs-para-colegio-bilinge/7521739203.html,"Maestr@s para colegio bilingüe, interactivo en línea"
2022-08-15 11:55,https://costarica.craigslist.org/csr/d/hiring-help-for-lines-department/7521719099.html,Hiring Help for Lines Department
2022-08-11 16:03,https://costarica.craigslist.org/csr/d/security-and-fraud-analyst-agent/7520251790.html,Security and Fraud Analyst Agent
2022-08-10 21:06,https://costarica.craigslist.org/edu/d/new-fast-track-120-hour-tefl-course/7508228859.html,NEW: Fast Track 120 hour TEFL course
2022-08-10 15:16,https://costarica.craigslist.org/csr/d/poker-customer-service-representative/7519819232.html,Poker customer service representative
2022-08-10 13:45,https://costarica.craigslist.org/csr/d/sportsbook-agent/7516311719.html,Sportsbook Agent
2022-08-10 09:50,https://costarica.craigslist.org/ofc/d/full-time-bilingual-receptionist/7519655487.html,Full time bilingual receptionist / customer service
2022-08-09 19:21,https://costarica.craigslist.org/edu/d/language-coordinator/7519492841.html,Language coordinator
2022-08-09 17:01,https://costarica.craigslist.org/fbh/d/trained-chef-to-manage-restaurant/7519432815.html,Trained chef to manage a restaurant
2022-08-09 14:08,https://costarica.craigslist.org/tch/d/sr-desktop-support-engineer/7519329124.html,Sr Desktop Support Engineer
2022-08-09 10:28,https://costarica.craigslist.org/sls/d/account-manager-for-real-estate-team/7519238733.html,Account Manager for Real Estate Team
2022-08-09 07:45,https://costarica.craigslist.org/edu/d/upper-elementary-teacher-grade/7519182547.html,Upper Elementary Teacher (Grade 4)
2022-08-07 15:08,https://costarica.craigslist.org/trp/d/private-taxi-service/7518560423.html,private taxi service
2022-08-07 13:24,https://costarica.craigslist.org/lab/d/we-start-tomorrow-closer/7518518005.html,"We start tomorrow closer """
2022-08-06 23:03,https://costarica.craigslist.org/csr/d/experienced-wagering-clerks-needed/7518331596.html,Experienced Wagering Clerks needed
2022-08-05 18:57,https://costarica.craigslist.org/ofc/d/offices-to-rent/7517889111.html,OFFICES TO RENT
2022-08-05 15:11,https://costarica.craigslist.org/wri/d/sports-editor/7517755111.html,Sports Editor
2022-08-05 11:41,https://costarica.craigslist.org/ofc/d/operation-manager-operations-director/7517693582.html,Operation Manager & Operations Director Need Urgently (Heredia)
2022-08-04 22:00,https://costarica.craigslist.org/tch/d/java-or-python-developers-needed-work/7517509420.html,Java or Python Developers Needed - Work Opportunity In USA
2022-08-04 14:20,https://costarica.craigslist.org/csr/d/customer-service-agent/7515001666.html,Customer service agent
2022-08-04 11:20,https://costarica.craigslist.org/csr/d/wagering-clerk-wanted/7517275143.html,WAGERING CLERK WANTED
2022-08-04 07:17,https://costarica.craigslist.org/edu/d/centro-educativo-costa-ballena/7517158724.html,Centro Educativo Costa Ballena
2022-08-03 23:11,https://costarica.craigslist.org/wri/d/writer/7517112006.html,Script writer
2022-08-03 15:40,https://costarica.craigslist.org/csr/d/customer-service-agents/7516976016.html,Customer Service Agents
2022-08-03 10:24,https://costarica.craigslist.org/bus/d/good-sales-reps/7516833171.html,Good Sales Reps
2022-08-03 10:22,https://costarica.craigslist.org/bus/d/salesman-need-it-in-english/7516832544.html,Salesman need it in english
2022-08-02 12:18,https://costarica.craigslist.org/csr/d/searching-for-premium-class-cs-agents/7510930498.html,Searching for Premium Class CS agents!
2022-08-02 10:02,https://costarica.craigslist.org/ofc/d/customer-service-and-lines/7516398679.html,Customer service and lines
2022-08-02 09:54,https://costarica.craigslist.org/csr/d/on-site-position-customer-service/7516394874.html,ON SITE POSITION - CUSTOMER SERVICE SPECIALIST
2022-08-01 17:36,https://costarica.craigslist.org/ofc/d/chief-information-security-officer/7516188904.html,Chief Information Security Officer
2022-08-01 17:26,https://costarica.craigslist.org/ofc/d/senior-systems-windows-engineer/7516187321.html,Senior Systems Windows Engineer
2022-08-01 17:20,https://costarica.craigslist.org/sof/d/developer/7516186346.html,C# Developer
2022-08-01 17:19,https://costarica.craigslist.org/sof/d/sr-unix-linux-system-administrator/7516188277.html,Sr. Unix/Linux System Administrator
2022-08-01 17:09,https://costarica.craigslist.org/sls/d/join-the-best-sales-team-in-booming/7516184479.html,Join The Best Sales Team In A Booming Industry!
2022-08-01 16:31,https://costarica.craigslist.org/sof/d/net-team-lead/7516164366.html,.Net Team Lead
2022-08-01 16:31,https://costarica.craigslist.org/sof/d/business-analyst/7516164915.html,Business Analyst
2022-08-01 16:25,https://costarica.craigslist.org/sof/d/quality-assurance-specialist/7516164794.html,Quality Assurance Specialist
2022-08-01 16:21,https://costarica.craigslist.org/ofc/d/senior-devops-engineer/7516165958.html,Senior DevOps Engineer
2022-08-01 16:18,https://costarica.craigslist.org/sof/d/frontend-developer/7516164598.html,FrontEnd Developer
2022-08-01 16:10,https://costarica.craigslist.org/sof/d/quality-assurance-specialist/7516153345.html,Quality Assurance Specialist
2022-08-01 16:07,https://costarica.craigslist.org/sof/d/it-project-manager/7516153752.html,IT Project Manager
2022-08-01 16:07,https://costarica.craigslist.org/sof/d/it-project-manager/7516153752.html,IT Project Manager
2022-08-01 16:05,https://costarica.craigslist.org/mnu/d/it-inventory-coordinator-storage-and/7516153620.html,IT inventory coordinator (storage and delivery)
2022-08-01 13:09,https://costarica.craigslist.org/csr/d/event-planning-and-production-imiloa/7516075773.html,Event Planning and Production (Imiloa Institute)
2022-07-29 16:50,https://costarica.craigslist.org/sls/d/were-building-the-best-sales-floor-in-cr/7515024227.html,We're Building The Best Sales Floor In CR!
2022-07-28 17:54,https://costarica.craigslist.org/sls/d/join-the-best-sales-team-in-booming/7514632745.html,Join The Best Sales Team In A Booming Industry!
2022-07-28 14:01,https://costarica.craigslist.org/ofc/d/secretaria-bilingue-para-clnica/7514541198.html,Secretaria bilingue para clínica
2022-07-28 11:42,https://costarica.craigslist.org/sls/d/final-week-of-interviews-looking-for/7514473738.html,FINAL WEEK OF INTERVIEWS! LOOKING FOR THE BEST!
2022-07-27 15:13,https://costarica.craigslist.org/csr/d/on-site-position-customer-service/7514165911.html,ON SITE POSITION - CUSTOMER SERVICE SPECIALIST
2022-07-27 14:21,https://costarica.craigslist.org/sls/d/final-week-of-interviews-looking-for/7514142234.html,FINAL WEEK OF INTERVIEWS! LOOKING FOR CLO$ERS!
2022-07-26 17:30,https://costarica.craigslist.org/web/d/webdesigner/7513797976.html,WebDesigner
2022-07-26 16:46,https://costarica.craigslist.org/csr/d/pph-manager-needed/7501840840.html,PPH manager needed
2022-07-26 15:17,https://costarica.craigslist.org/etc/d/wfh-full-time-line-mover-sportsbook/7513745389.html,WFH FULL TIME - LINE MOVER SPORTSBOOK
2022-07-26 14:45,https://costarica.craigslist.org/sls/d/only-apply-if-you-are-closer/7513731326.html,Only Apply If You Are A Closer
2022-07-26 13:55,https://costarica.craigslist.org/wri/d/content-writer/7513708210.html,Content Writer
2022-07-26 10:49,https://costarica.craigslist.org/sls/d/real-estate-calling/7508766045.html,Real Estate Calling
2022-07-25 14:24,https://costarica.craigslist.org/csr/d/on-site-position-customer-service/7513295438.html,ON SITE POSITION - CUSTOMER SERVICE SPECIALIST
2022-07-25 14:22,https://costarica.craigslist.org/csr/d/its-that-time-of-the-year/7513275444.html,Its that time of the year
2022-07-25 13:45,https://costarica.craigslist.org/sls/d/financial-company-is-looking-for-sales/7513274142.html,A Financial Company Is Looking For Sales Pros
